Name,Price,FreeShipping
,,
,,
Superstar Santa Pop-Up Christmas Tree,$199.99,Free international shipping
Twinkly 7Ft Prelit Regal Tree 435 RGB LED - Ecomm-Open Box,$389.99,Free international shipping
Christmas Tree Storage Bag 6FT 7.5 FT Upright Heavy Duty with Zipper and Handles,$22.99,Free international shipping
"24"" Pre-Lit Ceramic Christmas Tree Hand-Painted Tabletop with Lights",$79.99 to $109.99,Free international shipping
7.5 ft Grand Duchess Balsam Fir LED Pre-Lit Christmas Tree – T27,$469.99,Free international shipping
9ft Prelit Snow Flocked Christmas Tree with Remote Hinged Pine Christmas Tree,$77.00,Free international shipping
7.5 ft. Pre-Lit Slim Grand Duchess Twinkling Balsam Fir Christmas Tree T25,$399.99,Free international shipping
9 ft Elegant Twinkling Grand Fir LED Pre-Lit Christmas Tree w/ Timer – T33,$499.99,Free international shipping
4/5/6/7FT Artificial Christmas Tree with LED Lights Stand Xmas Holiday Pre Lit,$31.27 to $92.91,Free international shipping
7.5 Ft Grand Duchess Slim Flocked Balsam Fir LED Twinkling Christmas Tree,$469.99,Free international shipping
7.5 Ft Grand Duchess Twinkling FULL Balsam Fir LED Artificial Christmas Tree,$520.00,Free international shipping
7.5ft Pre-Lit Artificial Aspen Fir Artificial Christmas Tree w/ 1319 Branch Tips,$65.00,Free international shipping
4ft Lighted White Artificial Christmas Tree Small Mini Xmas Tree with 50 Lights,$21.89,Free international shipping
"Twinkly - 300RGB+W LED 6.5' Light Christmas Tree, Multi, Wifi, App, Voice Active",$160.99,$12.58 shipping
Twinkly Christmas Lights 6Ft Prelit Regal Tree 435 RGB LED - Ecomm-Open Box,$329.99,Free international shipping
"Barton 6.4ft Metal Ornament Display Tree Stand Rotating Christmas Tree 77"", Gold",$79.95,Free international shipping
7.5 ft. Pre-Lit Slim Grand Duchess Twinkling Balsam Fir Christmas Tree T25,$389.99,Free international shipping
9ft Pre-Lit Frosted Pine Artificial Christmas Tree with 2058 Tips 900 Lights,$75.00,Free international shipping
"36"" White/Gold Marie Antoinette Cake Displayer Christmas Decor *SHIPS WITHIN 10",$800.00,Free international shipping
Wondershop Alberta Spruce Pre-Lit 3’ Christmas Tree w/50 Multicolor Lights,$20.00,Free international shipping
My Texas House 7.5ft Cypress Pre-Lit LED Christmas Tree 500 Twinkle Lights,$280.00,Free international shipping
7.5 ft. Pre-Lit Slim Grand Duchess Twinkling Balsam Fir Christmas Tree T25,$400.00,Free international shipping
7.5ft Green Pre-Lit Spruce Artificial Hinged Christmas Tree w/ 1450 Branch Tips,$93.99,Free international shipping
Christmas Classic Blue Spruce 6.5’ Tree With Clear Lights # 196041205631,$280.00,$32.85 shipping
7.5ft Pre-Lit Artificial Aspen Fir Artificial Christmas Tree w/ 1319 Branch Tips,$144.43,Free international shipping
108 Replacement Ceramic Christmas Tree Twist Light Bulbs and 3 Star Toppers,$10.99,Free international shipping
7.5ft Pre-Lit Spruce Artificial Green Hinged Christmas Tree w/ 1450 Branch Tips,$101.10,Free international shipping
Christmas Cat Tree with Cat House Cat Tower for Indoor Cats with Cat Condos,$65.35 to $120.51,Free international shipping
Spruce Realistic Artificial Holiday Christmas Tree with Metal Stand,$34.99 to $129.99,Free international shipping
"15"" Pre-Lit Ceramic Christmas Tree Hand-Painted Tabletop with Lights",$39.99,Free international shipping
Pre-Lit Realistic Green Spruce Artificial Holiday Christmas Tree and Stand,$59.99 to $264.99,Free international shipping
4ft 5ft 6ft 7ft White Christmas Tree with Blue Lights Home Holiday Store Indoor,$9.99 to $56.99,Free international shipping
BH Fraser Fir Christmas Tree 7.5 With Led Twinkly Lights 196041238332,$550.00,$109.78 shipping
BH BALSAM FIR® reNEW 6.5' TREE with CANDLELIGHT® LED LIGHTS,$300.00,$100.68 shipping
4-9ft Artificial Christmas Tree Green Blue Spruce Hinged tree & Foldable Base,$54.31 to $269.91,Free international shipping
Original Charlie Brown Musical Christmas Tree 24” Includes Linus' Blanket NEW,$27.99,Free international shipping
2 FT Prelit Flocked Tabletop Christmas Tree Artificial Mini Xmas Tree & 30 light,$27.94,Free international shipping
5 FT Christmas Tree Artificial Home Xmas Holiday Decoration w/Metal Stand Pink,$22.18,Free international shipping
"Superstar Santa Deluxe Pop-Up Christmas Tree w/North Star Projector, 7 Feet",$219.99,Free international shipping
3Ft Pre-lit SnowFlocked Christmas Tree Potted Mini Tabletop Artificialw/70 light,$44.19,Free international shipping
TAUS 6.5ft Pre-Lit Artificial Christmas Tree w/1100 Mixed PE&PVC Branch Tips,$69.99,Free international shipping
Artificial Slim Pencil Christmas Tree 5Ft PVC w/ Stand Home Holiday Decor Green,$31.27,$6.00 shipping
My Texas House 2025 7.5' Cypress Pre-Lit Artificial Christmas Tree | 500 LEDs,$274.99,Free international shipping
7.5ft Pre-Lit Aspen Fir Artificial Christmas Tree w/1319 Mixed Branch Tips,$122.99,Free international shipping
7FT Christmas Tree Xmas Holiday Decoration Artificial Tree Snow Flocked w/ Stand,$33.99,Free international shipping
7.5ft Pre-lit Snow-Flocked Pencil Christmas Tree w/1000 Branch Tips&350 Lights,$88.99,Free international shipping
5FT PreLit Flocked Pencil Christmas Tree Slim Artificial Xmas Tree w/ 100 Lights,$50.87,Free international shipping
🎄 My Texas House | 4 ft. Pre-Lit Cypress Pot Artificial Christmas Tree 4 Foot ✨,$94.99,Free international shipping
7.5 ft. Pre-Lit Slim Grand Duchess Twinkling Balsam Fir Christmas Tree T25,$405.00,Free international shipping
9ft Pre-Lit Pine Artificial Christmas Tree Tower Flocked with 1818 Branch Tips,$180.99,Free international shipping
"6FT Pop Up Christmas Tree W/ Lights, Prelit Collapsible,Ribbon, Bows ,Xmas Tree",$65.44,Free international shipping
"72"" LIGHTED CASCADE OUTDOOR CHRISTMAS TREE CLEAR OR MULTI COLORED LIGHTS NEW",$99.99,$7.99 shipping
2 FT Tabletop Artificial Small Mini Christmas Tree with LED Light & Ornaments,$14.99,Free international shipping
9Ft Pre-Lit Artificial Christmas Tree Premium Hinged w/ 1000 LED Lights & Stand,$169.99,Free international shipping
Christmas Tree Waterfall Lights 200LED RGB Color Changing for Indoor Outdoor,$26.99,Free international shipping
9ft Grand Duchess Twinkling Balsam Fir LED Pre-Lit Artificial Christmas Tree T28,$930.00,Free international shipping
6FT Christmas Tree Artificial Tree Holiday Decor With LED Lights & Metal Stand,$43.90,Free international shipping
6FT Grinch Christmas Tree with Flexible Branches Green Monster Xmas Decoration,$119.90,Free international shipping
6Ft Pre-Lit Slim Artificial Pencil Christmas Tree with 150 LED Warm White Lights,$56.39,Free international shipping
7 ft Prelit Spruce Artificial Hinged Christmas Tree w/ 1692 Branch Tip 450 Light,$152.90,Free international shipping
